Target,Model,RMSE,MAE,MAPE,sMAPE,NormMAPE,DirAcc
cpi_mom,Exponential Smoothing,0.3197630602036738,0.28512572907611095,256.58156107157765,140.9622569453404,752.5744113423524,36.36363636363637
cpi_mom,SARIMA,0.32548329932800274,0.2862716710385376,252.90287844844116,137.21190185259022,741.7845385313051,36.36363636363637
cpi_mom,Prophet,0.29674292848681216,0.24166473976711803,226.57335490962996,116.28784682077931,664.5579225757737,45.45454545454545
