Model,Target,Train_RMSE,Train_MAE,Train_MAPE,Train_R2,Test_RMSE,Test_MAE,Test_MAPE,Test_R2
LSTM,CPI MoM,1.9884725363397235,1.2773368929349462,1.266683558066996,-5.087944535169052,0.7023863195088272,0.5575652606670686,0.5569970197736329,-1.1166489864475078
LSTM,CPI YoY,7.907701347490075,5.6516683995173524,5.228828541851264,-0.7570145006006643,3.4180930099158817,2.7573323599008415,2.683152893324577,-6.592682403735307
