Model,Target,Train_RMSE,Train_MAE,Train_MAPE,Train_R2,Test_RMSE,Test_MAE,Test_MAPE,Test_R2
LSTM,CPI MoM,1.9884725363397235,1.2773368929349462,1.266683558066996,-5.087944535169052,0.7023863195088272,0.5575652606670686,0.5569970197736329,-1.1166489864475078
LSTM,CPI YoY,7.907701347490075,5.651668399517352,5.228828541851264,-0.7570145006006643,3.4180930099158817,2.757332359900841,2.683152893324577,-6.592682403735307
GRU,CPI MoM,0.8057753064643256,0.643676763681266,0.640179303896357,0.00032368913120228715,1.145430784179892,0.9808205754206744,0.9789690595511454,-4.629041576356094
GRU,CPI YoY,9.921355943082412,8.257488963200496,7.62602909916956,-1.7657752745584396,8.724861798809007,7.3740351656400245,7.178887172289376,-48.47030577216898
