Target,Model,Train RMSE,Test RMSE,CV RMSE,Test MAE,Test MAPE,Test sMAPE,Test NormMAPE,Test DirAcc
cpi_mom,SARIMA,5.468107439835635,0.34817467653053463,,0.27679461708739456,0.27612222764850874,0.2758788107708831,0.0027544967136758623,27.27272727272727
