Target,Model,Train RMSE,Val RMSE,Test RMSE,Test MAE,Test MAPE,Test sMAPE,Test NormMAPE,Test DirAcc
cpi_mom,LSTM,0.12090519473612006,0.038396749211375134,0.15229214283460188,0.1372157796223961,0.13694720663240711,0.13689014152670936,0.0013667234336408602,87.5
cpi_mom,GRU,0.12194658752374721,0.04131982360342362,0.14899860567742165,0.1323473782009551,0.13209391313582672,0.13202410737694906,0.001318287907899048,87.5
cpi_mom,CNN-LSTM,0.20499938766401324,0.21809328022874908,0.1310135325977236,0.10180623372396111,0.10158357349137634,0.10159279976183874,0.0010137968767505207,100.0
cpi_mom,Transformer,0.16207513781703922,0.13686347383895942,0.16942911446660638,0.1590836588541688,0.15876591225730427,0.15874637780098197,0.0015844725721778851,62.5
cpi_mom,TCN,0.2324360201916841,0.15601362643665148,0.11371474088078422,0.0823828803168409,0.08227656314074679,0.08221981126653859,0.0008211142793567615,100.0
