{
    "LightGBM": {
        "RMSE": 0.12275735663662315,
        "MAE": 0.09143291846236323,
        "MAPE": 0.09102521658406362,
        "sMAPE": 0.09104666381498054,
        "MASE": 0.18354288271688093,
        "DirAcc": 100.0,
        "Theil_U": 0.37870220058782245
    },
    "XGBoost": {
        "RMSE": 0.13177925114354871,
        "MAE": 0.07320546468099091,
        "MAPE": 0.07279570873467306,
        "sMAPE": 0.07286546334486951,
        "MASE": 0.14695300384301657,
        "DirAcc": 100.0,
        "Theil_U": 0.40653443318759636
    },
    "Stacking": {
        "RMSE": 0.13266533094248645,
        "MAE": 0.0740868614713257,
        "MAPE": 0.07367186209314172,
        "sMAPE": 0.073743856715106,
        "MASE": 0.14872232402261956,
        "DirAcc": 100.0,
        "Theil_U": 0.4092679587289408
    },
    "GradientBoosting": {
        "RMSE": 0.13447287692938403,
        "MAE": 0.06122510358387482,
        "MAPE": 0.060802865023763406,
        "sMAPE": 0.06088369274984798,
        "MASE": 0.12290356903624067,
        "DirAcc": 100.0,
        "Theil_U": 0.4148441755981918
    },
    "WeightedAverage": {
        "RMSE": 0.17041604753905343,
        "MAE": 0.13199315459429664,
        "MAPE": 0.13152002054128178,
        "sMAPE": 0.13154661829752082,
        "MASE": 0.26496369688893284,
        "DirAcc": 81.81818181818183,
        "Theil_U": 0.5257276141058962
    },
    "ElasticNet": {
        "RMSE": 0.18009537862105582,
        "MAE": 0.07792425210160185,
        "MAPE": 0.07764240754024447,
        "sMAPE": 0.07748548728233184,
        "MASE": 0.15642552053254566,
        "DirAcc": 100.0,
        "Theil_U": 0.5555880158073029
    },
    "RandomForest": {
        "RMSE": 0.18563499102516684,
        "MAE": 0.08880256199344316,
        "MAPE": 0.08825862950393172,
        "sMAPE": 0.08840376764446176,
        "MASE": 0.17826269242002069,
        "DirAcc": 100.0,
        "Theil_U": 0.5726775285283235
    },
    "ARIMA-LSTM": {
        "RMSE": 0.19809941639406708,
        "MAE": 0.18055876354029485,
        "MAPE": 0.18008328204717491,
        "sMAPE": 0.1800447461391029,
        "MASE": 0.36245453516419246,
        "DirAcc": 36.36363636363637,
        "Theil_U": 0.6111298498033563
    },
    "SARIMA": {
        "RMSE": 0.19972785653853245,
        "MAE": 0.18208140857118593,
        "MAPE": 0.18161717819512813,
        "sMAPE": 0.18156216910281398,
        "MASE": 0.3655111001631466,
        "DirAcc": 36.36363636363637,
        "Theil_U": 0.6161535313417269
    },
    "Prophet": {
        "RMSE": 0.19972785653853245,
        "MAE": 0.18208140857118593,
        "MAPE": 0.18161717819512813,
        "sMAPE": 0.18156216910281398,
        "MASE": 0.3655111001631466,
        "DirAcc": 36.36363636363637,
        "Theil_U": 0.6161535313417269
    },
    "KNN": {
        "RMSE": 0.20052423531352054,
        "MAE": 0.15676665501071696,
        "MAPE": 0.15614031313095647,
        "sMAPE": 0.15619175748140585,
        "MASE": 0.3146941414365312,
        "DirAcc": 63.63636363636363,
        "Theil_U": 0.6186103323258192
    },
    "SimpleAverage": {
        "RMSE": 0.2310455014982,
        "MAE": 0.19921909283702277,
        "MAPE": 0.19864623767309741,
        "sMAPE": 0.19857910333120907,
        "MASE": 0.3999133704410905,
        "DirAcc": 81.81818181818183,
        "Theil_U": 0.71276738315805
    },
    "Theta": {
        "RMSE": 0.25985614838140864,
        "MAE": 0.18352869816008996,
        "MAPE": 0.18290182900509447,
        "sMAPE": 0.18319025221394,
        "MASE": 0.36841639628341555,
        "DirAcc": 45.45454545454545,
        "Theil_U": 0.8016472325940938
    },
    "HoltWinters": {
        "RMSE": 0.2679434090965264,
        "MAE": 0.2286813965153923,
        "MAPE": 0.22822312220504193,
        "sMAPE": 0.22817196171551088,
        "MASE": 0.4590561413331084,
        "DirAcc": 36.36363636363637,
        "Theil_U": 0.8265961522633923
    },
    "ETS": {
        "RMSE": 0.2691265119955579,
        "MAE": 0.23022273072151123,
        "MAPE": 0.22976025013983492,
        "sMAPE": 0.22971192833310772,
        "MASE": 0.46215022307280107,
        "DirAcc": 36.36363636363637,
        "Theil_U": 0.8302459837982252
    },
    "SES": {
        "RMSE": 0.29971479882099,
        "MAE": 0.21250000000000333,
        "MAPE": 0.21168329288199397,
        "sMAPE": 0.21184532135711454,
        "MASE": 0.42657352771029244,
        "DirAcc": 0.0,
        "Theil_U": 0.924609790989775
    },
    "MovingAverage": {
        "RMSE": 0.303713132193306,
        "MAE": 0.21416666666666848,
        "MAPE": 0.21348014112016553,
        "sMAPE": 0.21350715780091076,
        "MASE": 0.42991920243742887,
        "DirAcc": 0.0,
        "Theil_U": 0.936944511191204
    },
    "Holt": {
        "RMSE": 0.30559374625911007,
        "MAE": 0.21512128794779528,
        "MAPE": 0.21420540392071363,
        "sMAPE": 0.2144635015475614,
        "MASE": 0.43183551381398216,
        "DirAcc": 36.36363636363637,
        "Theil_U": 0.9427461405573739
    },
    "ARIMA": {
        "RMSE": 0.3163017818603095,
        "MAE": 0.23317111877638652,
        "MAPE": 0.23237707724631934,
        "sMAPE": 0.23245802551850497,
        "MASE": 0.46806883151339884,
        "DirAcc": 27.27272727272727,
        "Theil_U": 0.9757800601305261
    },
    "Naive": {
        "RMSE": 0.3241527417746158,
        "MAE": 0.22250000000000134,
        "MAPE": 0.22143239561415515,
        "sMAPE": 0.22183101908197522,
        "MASE": 0.44664757607312544,
        "DirAcc": 0.0,
        "Theil_U": 1.0
    },
    "Drift": {
        "RMSE": 0.3541625359094005,
        "MAE": 0.25608309317963557,
        "MAPE": 0.2548592262952378,
        "sMAPE": 0.255393508628885,
        "MASE": 0.5140624397392892,
        "DirAcc": 36.36363636363637,
        "Theil_U": 1.092579177243704
    },
    "SeasonalNaive": {
        "RMSE": 0.4160428663811757,
        "MAE": 0.2991666666666646,
        "MAPE": 0.2982420269072701,
        "sMAPE": 0.2978863715906039,
        "MASE": 0.6005486135215353,
        "DirAcc": 36.36363636363637,
        "Theil_U": 1.283477857085199
    },
    "GRU": {
        "RMSE": 0.4358574271557447,
        "MAE": 0.35421751927585277,
        "MAPE": 0.3529191502639608,
        "sMAPE": 0.3537423710671346,
        "MASE": 0.7110579612907607,
        "DirAcc": 36.36363636363637,
        "Theil_U": 1.3446050919377923
    },
    "LSTM": {
        "RMSE": 0.48815577640107266,
        "MAE": 0.4094122328919679,
        "MAPE": 0.4082453530611825,
        "sMAPE": 0.4075831025128014,
        "MASE": 0.8218560963410438,
        "DirAcc": 45.45454545454545,
        "Theil_U": 1.5059436910161588
    },
    "SVR": {
        "RMSE": 0.6616225342760463,
        "MAE": 0.6242961903342774,
        "MAPE": 0.6234003379696027,
        "sMAPE": 0.621257769119827,
        "MASE": 1.2532151917505163,
        "DirAcc": 0.0,
        "Theil_U": 2.04108264102259
    },
    "BiLSTM": {
        "RMSE": 0.9793335107326835,
        "MAE": 0.905736250678706,
        "MAPE": 0.9042971903179462,
        "sMAPE": 0.8996618524881095,
        "MASE": 1.818179330009898,
        "DirAcc": 45.45454545454545,
        "Theil_U": 3.021210017756433
    },
    "CNN-LSTM": {
        "RMSE": 1.883758749629569,
        "MAE": 1.3660433603699207,
        "MAPE": 1.362350164812518,
        "sMAPE": 1.3456470240049792,
        "MASE": 2.742202048179813,
        "DirAcc": 72.72727272727273,
        "Theil_U": 5.81133060703633
    }
}